experiment,learning_rate,train_batch_size,epochs,validation_accuracy,validation_precision,validation_recall,validation_f1,validation_loss
Experiment_A,2e-05,8,2,0.99575,0.9940209267563528,0.9975,0.9957574245071126,0.022020675241947174
Experiment_B,3e-05,16,2,0.994,0.9891089108910891,0.999,0.9940298507462687,0.026840049773454666
