,accuracy,precision,recall,f1,false_positives,false_negatives
TF-IDF + Logistic Regression,0.98675,0.99341104916371,0.98,0.9866599546941858,13,40
DistilBERT,0.993,0.9920159680638723,0.994,0.993006993006993,16,12
